SQL> DROP TABLE inscription;

Table INSCRIPTION dropped.

SQL> 
SQL> DROP TABLE groupecours;

Table GROUPECOURS dropped.

SQL> 
SQL> DROP TABLE prealable;

Table PREALABLE dropped.

SQL> 
SQL> DROP TABLE cours;

Table COURS dropped.

SQL> 
SQL> DROP TABLE sessionuqam;

Table SESSIONUQAM dropped.

SQL> 
SQL> DROP TABLE etudiant;

Table ETUDIANT dropped.

SQL> 
SQL> DROP TABLE professeur;

Table PROFESSEUR dropped.

SQL> 
SQL> ALTER SESSION SET nls_date_format = 'DD/MM/YYYY';

Session altered.

SQL> 
SQL> CREATE TABLE cours
  2    (
  3       sigle     CHAR(7) NOT NULL,
  4       titre     VARCHAR(50) NOT NULL,
  5       nbcredits INTEGER NOT NULL,
  6       CONSTRAINT cleprimairecours PRIMARY KEY (sigle)
  7    );

Table COURS created.

SQL> 
SQL> CREATE TABLE prealable
  2    (
  3       sigle          CHAR(7) NOT NULL,
  4       sigleprealable CHAR(7) NOT NULL,
  5       CONSTRAINT cleprimaireprealable PRIMARY KEY (sigle, sigleprealable),
  6       CONSTRAINT cesiglerefcours FOREIGN KEY (sigle) REFERENCES cours,
  7       CONSTRAINT cesigleprealablerefcours FOREIGN KEY (sigleprealable) REFERENCES
  8       cours(sigle)
  9    );

Table PREALABLE created.

SQL> 
SQL> CREATE TABLE sessionuqam
  2    (
  3       codesession INTEGER NOT NULL,
  4       datedebut   DATE NOT NULL,
  5       datefin     DATE NOT NULL,
  6       CONSTRAINT cleprimairesessionuqam PRIMARY KEY (codesession)
  7    );

Table SESSIONUQAM created.

SQL> 
SQL> CREATE TABLE professeur
  2    (
  3       codeprofesseur CHAR(5) NOT NULL,
  4       nom            VARCHAR(10) NOT NULL,
  5       prenom         VARCHAR(10) NOT NULL,
  6       CONSTRAINT cleprimaireprofesseur PRIMARY KEY (codeprofesseur)
  7    );

Table PROFESSEUR created.

SQL> 
SQL> CREATE TABLE groupecours
  2    (
  3       sigle           CHAR(7) NOT NULL,
  4       nogroupe        INTEGER NOT NULL,
  5       codesession     INTEGER NOT NULL,
  6       maxinscriptions INTEGER NOT NULL,
  7       codeprofesseur  CHAR(5) NOT NULL,
  8       CONSTRAINT cleprimairegroupecours PRIMARY KEY (sigle, nogroupe, codesession
  9       ),
 10       CONSTRAINT cesiglegrouperefcours FOREIGN KEY (sigle) REFERENCES cours,
 11       CONSTRAINT cecodesessionrefsessionuqam FOREIGN KEY (codesession) REFERENCES
 12       sessionuqam,
 13       CONSTRAINT cecodeprofrefprofesseur FOREIGN KEY(codeprofesseur) REFERENCES
 14       professeur
 15    );

Table GROUPECOURS created.

SQL> 
SQL> CREATE TABLE etudiant
  2    (
  3       codepermanent CHAR(12) NOT NULL,
  4       nom           VARCHAR(10) NOT NULL,
  5       prenom        VARCHAR(10) NOT NULL,
  6       codeprogramme INTEGER,
  7       CONSTRAINT cleprimaireetudiant PRIMARY KEY (codepermanent)
  8    );

Table ETUDIANT created.

SQL> 
SQL> CREATE TABLE inscription
  2    (
  3       codepermanent   CHAR(12) NOT NULL,
  4       sigle           CHAR(7) NOT NULL,
  5       nogroupe        INTEGER NOT NULL,
  6       codesession     INTEGER NOT NULL,
  7       dateinscription DATE NOT NULL,
  8       dateabandon     DATE,
  9       note            INTEGER,
 10       CONSTRAINT cleprimaireinscription PRIMARY KEY (codepermanent, sigle,
 11       nogroupe, codesession),
 12       CONSTRAINT cerefgroupecours FOREIGN KEY (sigle, nogroupe, codesession)
 13       REFERENCES groupecours,
 14       CONSTRAINT cecodepermamentrefetudiant FOREIGN KEY (codepermanent)
 15       REFERENCES etudiant
 16    );

Table INSCRIPTION created.

SQL> 
SQL> PROMPT insertion de donnees pour les essais
insertion de donnees pour les essais
SQL> INSERT INTO cours
  2  VALUES     ('INF3180',
  3              'Fichiers et bases de donnees',
  4              3);

1 row inserted.

SQL> 
SQL> INSERT INTO cours
  2  VALUES     ('INF5180',
  3              'Conception et exploitation d''une base de donnees',
  4              3);

1 row inserted.

SQL> 
SQL> INSERT INTO cours
  2  VALUES     ('INF1110',
  3              'Programmation I',
  4              3);

1 row inserted.

SQL> 
SQL> INSERT INTO cours
  2  VALUES     ('INF1130',
  3              'Mathematiques pour informaticien',
  4              3);

1 row inserted.

SQL> 
SQL> INSERT INTO cours
  2  VALUES     ('INF2110',
  3              'Programmation II',
  4              3);

1 row inserted.

SQL> 
SQL> INSERT INTO cours
  2  VALUES     ('INF3123',
  3              'Programmation objet',
  4              3);

1 row inserted.

SQL> 
SQL> INSERT INTO cours
  2  VALUES     ('INF2160',
  3              'Paradigmes de programmation',
  4              3);

1 row inserted.

SQL> 
SQL> INSERT INTO prealable
  2  VALUES     ('INF2110',
  3              'INF1110');

1 row inserted.

SQL> 
SQL> INSERT INTO prealable
  2  VALUES     ('INF2160',
  3              'INF1130');

1 row inserted.

SQL> 
SQL> INSERT INTO prealable
  2  VALUES     ('INF2160',
  3              'INF2110');

1 row inserted.

SQL> 
SQL> INSERT INTO prealable
  2  VALUES     ('INF3180',
  3              'INF2110');

1 row inserted.

SQL> 
SQL> INSERT INTO prealable
  2  VALUES     ('INF3123',
  3              'INF2110');

1 row inserted.

SQL> 
SQL> INSERT INTO prealable
  2  VALUES     ('INF5180',
  3              'INF3180');

1 row inserted.

SQL> 
SQL> INSERT INTO sessionuqam
  2  VALUES     (32003,
  3              '3/09/2003',
  4              '17/12/2003');

1 row inserted.

SQL> 
SQL> INSERT INTO sessionuqam
  2  VALUES     (12004,
  3              '8/01/2004',
  4              '2/05/2004');

1 row inserted.

SQL> 
SQL> INSERT INTO professeur
  2  VALUES     ('TREJ4',
  3              'Tremblay',
  4              'Jean');

1 row inserted.

SQL> 
SQL> INSERT INTO professeur
  2  VALUES     ('DEVL2',
  3              'De Vinci',
  4              'Leonard');

1 row inserted.

SQL> 
SQL> INSERT INTO professeur
  2  VALUES     ('PASB1',
  3              'Pascal',
  4              'Blaise');

1 row inserted.

SQL> 
SQL> INSERT INTO professeur
  2  VALUES     ('GOLA1',
  3              'Goldberg',
  4              'Adele');

1 row inserted.

SQL> 
SQL> INSERT INTO professeur
  2  VALUES     ('KNUD1',
  3              'Knuth',
  4              'Donald');

1 row inserted.

SQL> 
SQL> INSERT INTO professeur
  2  VALUES     ('GALE9',
  3              'Galois',
  4              'Evariste');

1 row inserted.

SQL> 
SQL> INSERT INTO professeur
  2  VALUES     ('CASI0',
  3              'Casse',
  4              'Illa');

1 row inserted.

SQL> 
SQL> INSERT INTO professeur
  2  VALUES     ('SAUV5',
  3              'Sauve',
  4              'Andre');

1 row inserted.

SQL> 
SQL> INSERT INTO groupecours
  2  VALUES     ('INF1110',
  3              20,
  4              32003,
  5              100,
  6              'TREJ4');

1 row inserted.

SQL> 
SQL> INSERT INTO groupecours
  2  VALUES     ('INF1110',
  3              30,
  4              32003,
  5              100,
  6              'PASB1');

1 row inserted.

SQL> 
SQL> INSERT INTO groupecours
  2  VALUES     ('INF1130',
  3              10,
  4              32003,
  5              100,
  6              'PASB1');

1 row inserted.

SQL> 
SQL> INSERT INTO groupecours
  2  VALUES     ('INF1130',
  3              30,
  4              32003,
  5              100,
  6              'GALE9');

1 row inserted.

SQL> 
SQL> INSERT INTO groupecours
  2  VALUES     ('INF2110',
  3              10,
  4              32003,
  5              100,
  6              'TREJ4');

1 row inserted.

SQL> 
SQL> INSERT INTO groupecours
  2  VALUES     ('INF3123',
  3              20,
  4              32003,
  5              50,
  6              'GOLA1');

1 row inserted.

SQL> 
SQL> INSERT INTO groupecours
  2  VALUES     ('INF3123',
  3              30,
  4              32003,
  5              50,
  6              'GOLA1');

1 row inserted.

SQL> 
SQL> INSERT INTO groupecours
  2  VALUES     ('INF3180',
  3              30,
  4              32003,
  5              50,
  6              'DEVL2');

1 row inserted.

SQL> 
SQL> INSERT INTO groupecours
  2  VALUES     ('INF3180',
  3              40,
  4              32003,
  5              50,
  6              'DEVL2');

1 row inserted.

SQL> 
SQL> INSERT INTO groupecours
  2  VALUES     ('INF5180',
  3              10,
  4              32003,
  5              50,
  6              'KNUD1');

1 row inserted.

SQL> 
SQL> INSERT INTO groupecours
  2  VALUES     ('INF5180',
  3              40,
  4              32003,
  5              50,
  6              'KNUD1');

1 row inserted.

SQL> 
SQL> INSERT INTO groupecours
  2  VALUES     ('INF1110',
  3              20,
  4              12004,
  5              100,
  6              'TREJ4');

1 row inserted.

SQL> 
SQL> INSERT INTO groupecours
  2  VALUES     ('INF1110',
  3              30,
  4              12004,
  5              100,
  6              'TREJ4');

1 row inserted.

SQL> 
SQL> INSERT INTO groupecours
  2  VALUES     ('INF2110',
  3              10,
  4              12004,
  5              100,
  6              'PASB1');

1 row inserted.

SQL> 
SQL> INSERT INTO groupecours
  2  VALUES     ('INF2110',
  3              40,
  4              12004,
  5              100,
  6              'PASB1');

1 row inserted.

SQL> 
SQL> INSERT INTO groupecours
  2  VALUES     ('INF3123',
  3              20,
  4              12004,
  5              50,
  6              'GOLA1');

1 row inserted.

SQL> 
SQL> INSERT INTO groupecours
  2  VALUES     ('INF3123',
  3              30,
  4              12004,
  5              50,
  6              'GOLA1');

1 row inserted.

SQL> 
SQL> INSERT INTO groupecours
  2  VALUES     ('INF3180',
  3              10,
  4              12004,
  5              50,
  6              'DEVL2');

1 row inserted.

SQL> 
SQL> INSERT INTO groupecours
  2  VALUES     ('INF3180',
  3              30,
  4              12004,
  5              50,
  6              'DEVL2');

1 row inserted.

SQL> 
SQL> INSERT INTO groupecours
  2  VALUES     ('INF5180',
  3              10,
  4              12004,
  5              50,
  6              'DEVL2');

1 row inserted.

SQL> 
SQL> INSERT INTO groupecours
  2  VALUES     ('INF5180',
  3              40,
  4              12004,
  5              50,
  6              'GALE9');

1 row inserted.

SQL> 
SQL> INSERT INTO etudiant
  2  VALUES     ('TREJ18088001',
  3              'Tremblay',
  4              'Jean',
  5              7416);

1 row inserted.

SQL> 
SQL> INSERT INTO etudiant
  2  VALUES     ('TREL14027801',
  3              'Tremblay',
  4              'Lucie',
  5              7416);

1 row inserted.

SQL> 
SQL> INSERT INTO etudiant
  2  VALUES     ('DEGE10027801',
  3              'Degas',
  4              'Edgar',
  5              7416);

1 row inserted.

SQL> 
SQL> INSERT INTO etudiant
  2  VALUES     ('MONC05127201',
  3              'Monet',
  4              'Claude',
  5              7316);

1 row inserted.

SQL> 
SQL> INSERT INTO etudiant
  2  VALUES     ('VANV05127201',
  3              'Van Gogh',
  4              'Vincent',
  5              7316);

1 row inserted.

SQL> 
SQL> INSERT INTO etudiant
  2  VALUES     ('MARA25087501',
  3              'Marshall',
  4              'Amanda',
  5              NULL);

1 row inserted.

SQL> 
SQL> INSERT INTO etudiant
  2  VALUES     ('STEG03106901',
  3              'Stephani',
  4              'Gwen',
  5              7416);

1 row inserted.

SQL> 
SQL> INSERT INTO etudiant
  2  VALUES     ('EMEK10106501',
  3              'Emerson',
  4              'Keith',
  5              7416);

1 row inserted.

SQL> 
SQL> INSERT INTO etudiant
  2  VALUES     ('DUGR08085001',
  3              'Duguay',
  4              'Roger',
  5              NULL);

1 row inserted.

SQL> 
SQL> INSERT INTO etudiant
  2  VALUES     ('LAVP08087001',
  3              'Lavoie',
  4              'Paul',
  5              NULL);

1 row inserted.

SQL> 
SQL> INSERT INTO etudiant
  2  VALUES     ('TREY09087501',
  3              'Tremblay',
  4              'Yvon',
  5              7316);

1 row inserted.

SQL> 
SQL> INSERT INTO inscription
  2  VALUES     ('TREJ18088001',
  3              'INF1110',
  4              20,
  5              32003,
  6              '16/08/2003',
  7              NULL,
  8              80);

1 row inserted.

SQL> 
SQL> INSERT INTO inscription
  2  VALUES     ('LAVP08087001',
  3              'INF1110',
  4              20,
  5              32003,
  6              '16/08/2003',
  7              NULL,
  8              80);

1 row inserted.

SQL> 
SQL> INSERT INTO inscription
  2  VALUES     ('TREL14027801',
  3              'INF1110',
  4              30,
  5              32003,
  6              '17/08/2003',
  7              NULL,
  8              90);

1 row inserted.

SQL> 
SQL> INSERT INTO inscription
  2  VALUES     ('MARA25087501',
  3              'INF1110',
  4              20,
  5              32003,
  6              '20/08/2003',
  7              NULL,
  8              80);

1 row inserted.

SQL> 
SQL> INSERT INTO inscription
  2  VALUES     ('STEG03106901',
  3              'INF1110',
  4              20,
  5              32003,
  6              '17/08/2003',
  7              NULL,
  8              70);

1 row inserted.

SQL> 
SQL> INSERT INTO inscription
  2  VALUES     ('TREJ18088001',
  3              'INF1130',
  4              10,
  5              32003,
  6              '16/08/2003',
  7              NULL,
  8              70);

1 row inserted.

SQL> 
SQL> INSERT INTO inscription
  2  VALUES     ('TREL14027801',
  3              'INF1130',
  4              30,
  5              32003,
  6              '17/08/2003',
  7              NULL,
  8              80);

1 row inserted.

SQL> 
SQL> INSERT INTO inscription
  2  VALUES     ('MARA25087501',
  3              'INF1130',
  4              10,
  5              32003,
  6              '22/08/2003',
  7              NULL,
  8              90);

1 row inserted.

SQL> 
SQL> INSERT INTO inscription
  2  VALUES     ('DEGE10027801',
  3              'INF3180',
  4              30,
  5              32003,
  6              '16/08/2003',
  7              NULL,
  8              90);

1 row inserted.

SQL> 
SQL> INSERT INTO inscription
  2  VALUES     ('MONC05127201',
  3              'INF3180',
  4              30,
  5              32003,
  6              '19/08/2003',
  7              NULL,
  8              60);

1 row inserted.

SQL> 
SQL> INSERT INTO inscription
  2  VALUES     ('VANV05127201',
  3              'INF3180',
  4              30,
  5              32003,
  6              '16/08/2003',
  7              '20/09/2003',
  8              NULL);

1 row inserted.

SQL> 
SQL> INSERT INTO inscription
  2  VALUES     ('EMEK10106501',
  3              'INF3180',
  4              40,
  5              32003,
  6              '19/08/2003',
  7              NULL,
  8              80);

1 row inserted.

SQL> 
SQL> INSERT INTO inscription
  2  VALUES     ('DUGR08085001',
  3              'INF3180',
  4              40,
  5              32003,
  6              '19/08/2003',
  7              NULL,
  8              70);

1 row inserted.

SQL> 
SQL> INSERT INTO inscription
  2  VALUES     ('TREJ18088001',
  3              'INF2110',
  4              10,
  5              12004,
  6              '19/12/2003',
  7              NULL,
  8              80);

1 row inserted.

SQL> 
SQL> INSERT INTO inscription
  2  VALUES     ('TREL14027801',
  3              'INF2110',
  4              10,
  5              12004,
  6              '20/12/2003',
  7              NULL,
  8              90);

1 row inserted.

SQL> 
SQL> INSERT INTO inscription
  2  VALUES     ('MARA25087501',
  3              'INF2110',
  4              40,
  5              12004,
  6              '19/12/2003',
  7              NULL,
  8              90);

1 row inserted.

SQL> 
SQL> INSERT INTO inscription
  2  VALUES     ('STEG03106901',
  3              'INF2110',
  4              40,
  5              12004,
  6              '10/12/2003',
  7              NULL,
  8              70);

1 row inserted.

SQL> 
SQL> INSERT INTO inscription
  2  VALUES     ('VANV05127201',
  3              'INF3180',
  4              10,
  5              12004,
  6              '18/12/2003',
  7              NULL,
  8              90);

1 row inserted.

SQL> 
SQL> INSERT INTO inscription
  2  VALUES     ('DEGE10027801',
  3              'INF5180',
  4              10,
  5              12004,
  6              '15/12/2003',
  7              NULL,
  8              90);

1 row inserted.

SQL> 
SQL> INSERT INTO inscription
  2  VALUES     ('MONC05127201',
  3              'INF5180',
  4              10,
  5              12004,
  6              '19/12/2003',
  7              '22/01/2004',
  8              NULL);

1 row inserted.

SQL> 
SQL> INSERT INTO inscription
  2  VALUES     ('EMEK10106501',
  3              'INF5180',
  4              40,
  5              12004,
  6              '19/12/2003',
  7              NULL,
  8              80);

1 row inserted.

SQL> 
SQL> INSERT INTO inscription
  2  VALUES     ('DUGR08085001',
  3              'INF5180',
  4              10,
  5              12004,
  6              '19/12/2003',
  7              NULL,
  8              80);

1 row inserted.

SQL> 
SQL> COMMIT;

Commit complete.

SQL> 
SQL> PROMPT contenu des TABLES
contenu des TABLES
SQL> SELECT *
  2  FROM   cours;

SIGLE   TITRE                                               NBCREDITS
------- -------------------------------------------------- ----------
INF3180 Fichiers et bases de donnees                                3
INF5180 Conception et exploitation d'une base de donnees            3
INF1110 Programmation I                                             3
INF1130 Mathematiques pour informaticien                            3
INF2110 Programmation II                                            3
INF3123 Programmation objet                                         3
INF2160 Paradigmes de programmation                                 3

7 rows selected. 

SQL> 
SQL> SELECT *
  2  FROM   prealable;

SIGLE   SIGLEPR
------- -------
INF2110 INF1110
INF2160 INF1130
INF2160 INF2110
INF3180 INF2110
INF3123 INF2110
INF5180 INF3180

6 rows selected. 

SQL> 
SQL> SELECT *
  2  FROM   sessionuqam;

CODESESSION DATEDEBUT  DATEFIN   
----------- ---------- ----------
      32003 03/09/2003 17/12/2003
      12004 08/01/2004 02/05/2004

SQL> 
SQL> SELECT *
  2  FROM   professeur;

CODEP NOM        PRENOM    
----- ---------- ----------
TREJ4 Tremblay   Jean      
DEVL2 De Vinci   Leonard   
PASB1 Pascal     Blaise    
GOLA1 Goldberg   Adele     
KNUD1 Knuth      Donald    
GALE9 Galois     Evariste  
CASI0 Casse      Illa      
SAUV5 Sauve      Andre     

8 rows selected. 

SQL> 
SQL> SELECT *
  2  FROM   groupecours;

SIGLE     NOGROUPE CODESESSION MAXINSCRIPTIONS CODEP
------- ---------- ----------- --------------- -----
INF1110         20       32003             100 TREJ4
INF1110         30       32003             100 PASB1
INF1130         10       32003             100 PASB1
INF1130         30       32003             100 GALE9
INF2110         10       32003             100 TREJ4
INF3123         20       32003              50 GOLA1
INF3123         30       32003              50 GOLA1
INF3180         30       32003              50 DEVL2
INF3180         40       32003              50 DEVL2
INF5180         10       32003              50 KNUD1
INF5180         40       32003              50 KNUD1

SIGLE     NOGROUPE CODESESSION MAXINSCRIPTIONS CODEP
------- ---------- ----------- --------------- -----
INF1110         20       12004             100 TREJ4
INF1110         30       12004             100 TREJ4
INF2110         10       12004             100 PASB1
INF2110         40       12004             100 PASB1
INF3123         20       12004              50 GOLA1
INF3123         30       12004              50 GOLA1
INF3180         10       12004              50 DEVL2
INF3180         30       12004              50 DEVL2
INF5180         10       12004              50 DEVL2
INF5180         40       12004              50 GALE9

21 rows selected. 

SQL> 
SQL> SELECT *
  2  FROM   etudiant;

CODEPERMANEN NOM        PRENOM     CODEPROGRAMME
------------ ---------- ---------- -------------
TREJ18088001 Tremblay   Jean                7416
TREL14027801 Tremblay   Lucie               7416
DEGE10027801 Degas      Edgar               7416
MONC05127201 Monet      Claude              7316
VANV05127201 Van Gogh   Vincent             7316
MARA25087501 Marshall   Amanda                  
STEG03106901 Stephani   Gwen                7416
EMEK10106501 Emerson    Keith               7416
DUGR08085001 Duguay     Roger                   
LAVP08087001 Lavoie     Paul                    
TREY09087501 Tremblay   Yvon                7316

11 rows selected. 

SQL> 
SQL> SELECT *
  2  FROM   inscription;

CODEPERMANEN SIGLE     NOGROUPE CODESESSION DATEINSCRI DATEABANDO       NOTE
------------ ------- ---------- ----------- ---------- ---------- ----------
TREJ18088001 INF1110         20       32003 16/08/2003                    80
LAVP08087001 INF1110         20       32003 16/08/2003                    80
TREL14027801 INF1110         30       32003 17/08/2003                    90
MARA25087501 INF1110         20       32003 20/08/2003                    80
STEG03106901 INF1110         20       32003 17/08/2003                    70
TREJ18088001 INF1130         10       32003 16/08/2003                    70
TREL14027801 INF1130         30       32003 17/08/2003                    80
MARA25087501 INF1130         10       32003 22/08/2003                    90
DEGE10027801 INF3180         30       32003 16/08/2003                    90
MONC05127201 INF3180         30       32003 19/08/2003                    60
VANV05127201 INF3180         30       32003 16/08/2003 20/09/2003           

CODEPERMANEN SIGLE     NOGROUPE CODESESSION DATEINSCRI DATEABANDO       NOTE
------------ ------- ---------- ----------- ---------- ---------- ----------
EMEK10106501 INF3180         40       32003 19/08/2003                    80
DUGR08085001 INF3180         40       32003 19/08/2003                    70
TREJ18088001 INF2110         10       12004 19/12/2003                    80
TREL14027801 INF2110         10       12004 20/12/2003                    90
MARA25087501 INF2110         40       12004 19/12/2003                    90
STEG03106901 INF2110         40       12004 10/12/2003                    70
VANV05127201 INF3180         10       12004 18/12/2003                    90
DEGE10027801 INF5180         10       12004 15/12/2003                    90
MONC05127201 INF5180         10       12004 19/12/2003 22/01/2004           
EMEK10106501 INF5180         40       12004 19/12/2003                    80
DUGR08085001 INF5180         10       12004 19/12/2003                    80

22 rows selected. 

SQL> 
SQL> CREATE OR REPLACE FUNCTION BonnePerformance(codeSessionRequis IN VARCHAR2, codePermanentRequis IN VARCHAR2) RETURN
  2  BOOLEAN IS
  3      mauvaiseNote INTEGER;
  4  BEGIN
  5      SELECT MIN(note)
  6      INTO mauvaiseNote
  7      FROM inscription
  8      WHERE codesession = codeSessionRequis
  9      AND codepermanent  = codePermanentRequis
 10      GROUP BY codepermanent, codesession;
 11      IF (mauvaiseNote > 95) THEN
 12          RETURN TRUE;
 13      ELSE
 14          RETURN FALSE;
 15      END IF;
 16  exception
 17      WHEN no_data_found THEN
 18          RETURN FALSE;
 19  END;
 20  /

Function BONNEPERFORMANCE compiled

SQL> CREATE OR REPLACE FUNCTION MauvaisePerformance(codeSessionRequis IN VARCHAR2, codePermanentRequis IN VARCHAR2) RETURN
  2  BOOLEAN IS
  3      noteMoyenne INTEGER;
  4  BEGIN
  5      SELECT AVG(note)
  6      INTO noteMoyenne
  7      FROM inscription
  8      WHERE codesession = codeSessionRequis
  9      AND codepermanent  = codePermanentRequis
 10      GROUP BY codepermanent, codesession;
 11      IF (noteMoyenne < 25) THEN
 12          RETURN TRUE;
 13      ELSE
 14          RETURN FALSE;
 15      END IF;
 16  exception
 17      WHEN no_data_found THEN
 18          RETURN FALSE;
 19  END;
 20  /

Function MAUVAISEPERFORMANCE compiled

SQL> create or replace PROCEDURE ETUDIANTPERFORMANCES (CODESESSION IN INTEGER) IS
  2      bonne BOOLEAN;
  3      mauvaise BOOLEAN;
  4      nombreResultats INTEGER;
  5  BEGIN
  6      DBMS_OUTPUT.PUT_LINE('Voici la liste des étudiants excellents de la session ' || CODESESSION);
  7      nombreResultats := 0;
  8      FOR etudiant IN (
  9          SELECT DISTINCT(codepermanent) as codePermanentRequis FROM inscription WHERE inscription.codesession = CODESESSION
 10      ) LOOP
 11          bonne := BonnePerformance(CODESESSION, etudiant.codePermanentRequis);
 12          IF (bonne = TRUE) THEN
 13              DBMS_OUTPUT.PUT_LINE('- ' || etudiant.codePermanentRequis);
 14              nombreResultats := nombreResultats +1;
 15          END IF;
 16      END LOOP;
 17      DBMS_OUTPUT.PUT_LINE('Voici la liste des étudiants médiocres de la session ' || CODESESSION);
 18      FOR etudiant IN (
 19          SELECT DISTINCT(codepermanent) as codePermanentRequis FROM inscription WHERE inscription.codesession = CODESESSION
 20      ) LOOP
 21          mauvaise := MauvaisePerformance(CODESESSION, etudiant.codePermanentRequis);
 22          IF (mauvaise = TRUE) THEN
 23              DBMS_OUTPUT.PUT_LINE('- ' || etudiant.codePermanentRequis);
 24              nombreResultats := nombreResultats +1;
 25          END IF;
 26      END LOOP;
 27      IF (nombreResultats = 0) THEN
 28          raise_application_error(-20000, ('Pas d’étudiants excellents/médiocres pendant la session'));
 29      END IF;
 30  END;
 31  /

Procedure ETUDIANTPERFORMANCES compiled

SQL> PROMPT Tests excersise 2;
Tests excersise 2
SQL> INSERT INTO sessionuqam VALUES (60001, '01/01/2018', '31/03/2019');

1 row inserted.

SQL> INSERT INTO cours VALUES ('INF7120', 'Bases de données décisionnelles', 3);

1 row inserted.

SQL> INSERT INTO groupecours VALUES ('INF7120', 10, 60001, 100, 'PASB1');

1 row inserted.

SQL> INSERT INTO inscription VALUES('LAVP08087001', 'INF7120', 10, 60001, '22/08/2018', NULL, 80);

1 row inserted.

SQL> INSERT INTO inscription VALUES('TREY09087501', 'INF7120', 10, 60001, '21/08/2018', NULL, 77);

1 row inserted.

SQL> INSERT INTO inscription VALUES('EMEK10106501', 'INF7120', 10, 60001, '21/08/2018', NULL, 96);

1 row inserted.

SQL> INSERT INTO inscription VALUES('MARA25087501', 'INF7120', 10, 60001, '20/08/2018', NULL, 99);

1 row inserted.

SQL> INSERT INTO inscription VALUES('DEGE10027801', 'INF7120', 10, 60001, '20/08/2018', NULL, 20);

1 row inserted.

SQL> INSERT INTO inscription VALUES('VANV05127201', 'INF7120', 10, 60001, '20/08/2018', NULL, 82);

1 row inserted.

SQL> INSERT INTO inscription VALUES('TREJ18088001', 'INF7120', 10, 60001, '20/08/2018', NULL, 5);

1 row inserted.

SQL> INSERT INTO inscription VALUES('TREL14027801', 'INF7120', 10, 60001, '20/08/2018', NULL, 84);

1 row inserted.

SQL> EXECUTE ETUDIANTPERFORMANCES(60001);
Voici la liste des étudiants excellents de la session 60001
- MARA25087501
- EMEK10106501
Voici la liste des étudiants médiocres de la session 60001
- TREJ18088001
- DEGE10027801


PL/SQL procedure successfully completed.

SQL> EXECUTE ETUDIANTPERFORMANCES(32003);
Voici la liste des étudiants excellents de la session 32003
Voici la liste des étudiants médiocres de la session 32003


Error starting at line : 725 in command -
BEGIN ETUDIANTPERFORMANCES(32003); END;
Error report -
ORA-20000: Pas d’étudiants excellents/médiocres pendant la session
ORA-06512: at "INF3180.ETUDIANTPERFORMANCES", line 28
ORA-06512: at line 1
20000. 00000 -  "%s"
*Cause:    The stored procedure 'raise_application_error'
           was called which causes this error to be generated.
*Action:   Correct the problem as described in the error message or contact
           the application administrator or DBA for more information.
SQL> ROLLBACK;

Rollback complete.

SQL> SPOOL OFF;
